Country,Year,Food Consumer Price Inflation Rate
Aruba,2010,-2.29
Afghanistan,2010,-0.28
Angola,2010,17.42
Albania,2010,4.81
United Arab Emirates,2010,4.45
Argentina,2010,2.8
Armenia,2010,9.4
Antigua and Barbuda,2010,
Australia,2010,1.55
Austria,2010,0.48
Azerbaijan,2010,7.24
Burundi,2010,6.2
Belgium,2010,1.66
Benin,2010,5.6
Burkina Faso,2010,1.46
Bangladesh,2010,10.1
Bulgaria,2010,-0.38
Bahrain,2010,4.86
"Bahamas, The",2010,-1.2
Bosnia and Herzegovina,2010,-0.06
Belarus,2010,9.06
Belize,2010,-4.03
Bolivia,2010,2.95
Brazil,2010,6.1
Barbados,2010,3.7
Brunei Darussalam,2010,1
Bhutan,2010,8.8
Botswana,2010,3.68
Central African Republic,2010,1.4
Canada,2010,0.95
Switzerland,2010,-1.11
Chile,2010,2.2
China,2010,7.34
Côte d'Ivoire,2010,5.79
Cameroon,2010,1.23
"Congo, Dem. Rep.",2010,12.73
"Congo, Rep.",2010,-0.69
Colombia,2010,0.21
Comoros,2010,2.81
Cabo Verde,2010,2.2
Costa Rica,2010,4.64
Curacao,2010,3.087886
Cyprus,2010,0.24
Czech Republic,2010,1.47
Germany,2010,1.25
Djibouti,2010,
Dominica,2010,5.5
Denmark,2010,0.37
Dominican Republic,2010,4.17
Algeria,2010,4.24
Ecuador,2010,4.83
"Egypt, Arab Rep.",2010,19.87
Spain,2010,-0.84
Estonia,2010,3.03
Ethiopia,2010,1.51
Finland,2010,-3.58
Fiji,2010,4.1
France,2010,0.78
Gabon,2010,4.4
United Kingdom,2010,3.42
Georgia,2010,1.75
Ghana,2010,6.1
Guinea,2010,20.4
"Gambia, The",2010,6.61
Guinea-Bissau,2010,0.12
Equatorial Guinea,2010,4.69
Greece,2010,0.06
Grenada,2010,3.26
Guatemala,2010,3.45
Guyana,2010,
Hong Kong SAR,2010,2.32
Honduras,2010,1.83
Croatia,2010,-1.53
Haiti,2010,5
Hungary,2010,3.12
Indonesia,2010,9.42
India,2010,10.3
Ireland,2010,-4.56
"Iran, Islamic Rep.",2010,12.42
Iraq,2010,3.1
Iceland,2010,4.24
Israel,2010,2.45
Italy,2010,0.2
Jamaica,2010,10.1
Jordan,2010,4.53
Japan,2010,-0.35
Kazakhstan,2010,9.01
Kenya,2010,18.89
Kyrgyz Republic,2010,2.68
Cambodia,2010,2.3
St. Kitts and Nevis,2010,2.4
"Korea, Rep.",2010,6.41
Kuwait,2010,8.4
Lao PDR,2010,7.7
Lebanon,2010,3.11
Liberia,2010,7.2
Libya,2010,
St. Lucia,2010,-0.18
Sri Lanka,2010,6.8
Lesotho,2010,3.5
Lithuania,2010,-0.45
Luxembourg,2010,0.87
Latvia,2010,-0.29
Morocco,2010,1.23
Moldova,2010,6.3
Madagascar,2010,6.4
Maldives,2010,7.5
Mexico,2010,3.31
"Macedonia, FYR",2010,0.12
Mali,2010,5.12
Malta,2010,1.02
Myanmar,2010,7.2
Montenegro,2010,0.81
Mongolia,2010,12.21
Mozambique,2010,15.32
Mauritania,2010,7.6
Mauritius,2010,3.71
Malawi,2010,5.04
Malaysia,2010,2.39
Namibia,2010,3.17
Niger,2010,0.33
Nigeria,2010,14.86
Nicaragua,2010,4.5
Netherlands,2010,-0.08
Norway,2010,0.21
Nepal,2010,
New Zealand,2010,0.95
Oman,2010,1.77
Pakistan,2010,17.02
Panama,2010,2.87
Peru,2010,3.69
Philippines,2010,3.98
Papua New Guinea,2010,5.4
Poland,2010,2.76
Portugal,2010,-0.24
Paraguay,2010,8.51
Qatar,2010,2.1
Romania,2010,2.34
Russian Federation,2010,6.59
Rwanda,2010,1.66
Saudi Arabia,2010,6.27
Sudan,2010,
Senegal,2010,3.97
Singapore,2010,1.36
Sierra Leone,2010,8.59
El Salvador,2010,1.02
Serbia,2010,2.62
São Tomé and Principe,2010,16.42
Suriname,2010,10.3
Slovak Republic,2010,1.61
Slovenia,2010,0.7
Sweden,2010,1.45
Swaziland,2010,0.42
Seychelles,2010,-3.78
Syrian Arab Republic,2010,4.7
Chad,2010,-3.82
Togo,2010,-0.34
Thailand,2010,5.44
Tajikistan,2010,
Tonga,2010,2.98
Trinidad and Tobago,2010,22.07
Tunisia,2010,9.39
Turkey,2010,10.58
Tanzania,2010,7.64
Uganda,2010,2.66
Ukraine,2010,10.88
Uruguay,2010,5.99
United States,2010,0.79
Uzbekistan,2010,
St. Vincent and the Grenadines,2010,1.3
"Venezuela, RB",2010,32.97
British Virgin Islands,2010,
Vietnam,2010,11.41
Vanuatu,2010,4.6
Samoa,2010,-1.01
"Yemen, Rep.",2010,
South Africa,2010,1.37
Zambia,2010,5.2
Zimbabwe,2010,3.83
Aruba,2011,4.29
Afghanistan,2011,10.67
Angola,2011,14.95
Albania,2011,4.75
United Arab Emirates,2011,5.86
Argentina,2011,14.4
Armenia,2011,12.3
Antigua and Barbuda,2011,
Australia,2011,4.83
Austria,2011,4.24
Azerbaijan,2011,10.44
Burundi,2011,9.15
Belgium,2011,2.72
Benin,2011,5.66
Burkina Faso,2011,6.14
Bangladesh,2011,12.38
Bulgaria,2011,6.93
Bahrain,2011,2
"Bahamas, The",2011,1.9
Bosnia and Herzegovina,2011,5.99
Belarus,2011,62.22
Belize,2011,0.42
Bolivia,2011,13.94
Brazil,2011,8.85
Barbados,2011,
Brunei Darussalam,2011,0.01
Bhutan,2011,
Botswana,2011,6.88
Central African Republic,2011,1.07
Canada,2011,4.24
Switzerland,2011,-3.25
Chile,2011,6.69
China,2011,11.89
Côte d'Ivoire,2011,10.44
Cameroon,2011,4.81
"Congo, Dem. Rep.",2011,14.8
"Congo, Rep.",2011,1.57
Colombia,2011,4.57
Comoros,2011,2.04
Cabo Verde,2011,5.21
Costa Rica,2011,5.6
Curacao,2011,9.06298
Cyprus,2011,4.08
Czech Republic,2011,4.63
Germany,2011,2.77
Djibouti,2011,
Dominica,2011,3.74
Denmark,2011,3.96
Dominican Republic,2011,9.14
Algeria,2011,5.9
Ecuador,2011,6.73
"Egypt, Arab Rep.",2011,15.49
Spain,2011,2.05
Estonia,2011,9.66
Ethiopia,2011,39.17
Finland,2011,6.28
Fiji,2011,10.58
France,2011,1.99
Gabon,2011,4.03
United Kingdom,2011,5.5
Georgia,2011,16.04
Ghana,2011,6.7
Guinea,2011,27.36
"Gambia, The",2011,6.42
Guinea-Bissau,2011,7.42
Equatorial Guinea,2011,7.1
Greece,2011,3.11
Grenada,2011,4.42
Guatemala,2011,10.66
Guyana,2011,
Hong Kong SAR,2011,7.01
Honduras,2011,6.15
Croatia,2011,3.54
Haiti,2011,10.2
Hungary,2011,6.63
Indonesia,2011,8.55
India,2011,8.6
Ireland,2011,1.15
"Iran, Islamic Rep.",2011,26.07
Iraq,2011,3.1
Iceland,2011,3.83
Israel,2011,3.34
Italy,2011,2.47
Jamaica,2011,7.69
Jordan,2011,4.22
Japan,2011,-0.4
Kazakhstan,2011,7.83
Kenya,2011,20.51
Kyrgyz Republic,2011,-1.68
Cambodia,2011,6.14
St. Kitts and Nevis,2011,9.38
"Korea, Rep.",2011,8.14
Kuwait,2011,7.54
Lao PDR,2011,10.31
Lebanon,2011,6.45
Liberia,2011,11.36
Libya,2011,
St. Lucia,2011,2.73
Sri Lanka,2011,
Lesotho,2011,6.97
Lithuania,2011,8.25
Luxembourg,2011,2.56
Latvia,2011,8.44
Morocco,2011,1.42
Moldova,2011,8.9
Madagascar,2011,13.5
Maldives,2011,19.93
Mexico,2011,4.36
"Macedonia, FYR",2011,6.16
Mali,2011,5.14
Malta,2011,3.84
Myanmar,2011,3.9
Montenegro,2011,4.1
Mongolia,2011,7.66
Mozambique,2011,13.18
Mauritania,2011,6.36
Mauritius,2011,5.86
Malawi,2011,3.13
Malaysia,2011,4.81
Namibia,2011,4.93
Niger,2011,3.43
Nigeria,2011,10.19
Nicaragua,2011,9.11
Netherlands,2011,2.21
Norway,2011,-0.09
Nepal,2011,
New Zealand,2011,5.2
Oman,2011,4.6
Pakistan,2011,14.56
Panama,2011,5.91
Peru,2011,3.75
Philippines,2011,5.48
Papua New Guinea,2011,-0.54
Poland,2011,5.11
Portugal,2011,2.1
Paraguay,2011,13.33
Qatar,2011,3.46
Romania,2011,6.02
Russian Federation,2011,10.86
Rwanda,2011,6.54
Saudi Arabia,2011,5.15
Sudan,2011,
Senegal,2011,6.66
Singapore,2011,3.05
Sierra Leone,2011,7.75
El Salvador,2011,6.94
Serbia,2011,14.71
São Tomé and Principe,2011,15.8
Suriname,2011,16.6
Slovak Republic,2011,6.06
Slovenia,2011,4.39
Sweden,2011,1.28
Swaziland,2011,5.96
Seychelles,2011,4.22
Syrian Arab Republic,2011,
Chad,2011,1.65
Togo,2011,1.15
Thailand,2011,7.96
Tajikistan,2011,
Tonga,2011,6.57
Trinidad and Tobago,2011,10.47
Tunisia,2011,4.58
Turkey,2011,6.24
Tanzania,2011,15.97
Uganda,2011,29.26
Ukraine,2011,6.42
Uruguay,2011,9.54
United States,2011,3.58
Uzbekistan,2011,
St. Vincent and the Grenadines,2011,3.52
"Venezuela, RB",2011,29.92
British Virgin Islands,2011,
Vietnam,2011,26.69
Vanuatu,2011,0.47
Samoa,2011,5.24
"Yemen, Rep.",2011,
South Africa,2011,7.13
Zambia,2011,4.83
Zimbabwe,2011,3.99
Aruba,2012,2.66
Afghanistan,2012,4.73
Angola,2012,12.77
Albania,2012,2.34
United Arab Emirates,2012,5.24
Argentina,2012,8.7
Armenia,2012,1.99
Antigua and Barbuda,2012,
Australia,2012,-1.63
Austria,2012,3.19
Azerbaijan,2012,0.84
Burundi,2012,13.69
Belgium,2012,3.1
Benin,2012,4.69
Burkina Faso,2012,5.37
Bangladesh,2012,3.38
Bulgaria,2012,3
Bahrain,2012,3.98
"Bahamas, The",2012,
Bosnia and Herzegovina,2012,1.77
Belarus,2012,67.97
Belize,2012,2.38
Bolivia,2012,3.92
Brazil,2012,8.13
Barbados,2012,
Brunei Darussalam,2012,0.01
Bhutan,2012,
Botswana,2012,7.92
Central African Republic,2012,7.11
Canada,2012,2.35
Switzerland,2012,-0.98
Chile,2012,7.63
China,2012,4.93
Côte d'Ivoire,2012,-0.3
Cameroon,2012,3.43
"Congo, Dem. Rep.",2012,7.38
"Congo, Rep.",2012,10.94
Colombia,2012,3.42
Comoros,2012,7.89
Cabo Verde,2012,2.64
Costa Rica,2012,3.53
Curacao,2012,11.40845
Cyprus,2012,0.82
Czech Republic,2012,6.91
Germany,2012,3.38
Djibouti,2012,
Dominica,2012,3.74
Denmark,2012,4.29
Dominican Republic,2012,5
Algeria,2012,12.96
Ecuador,2012,5.81
"Egypt, Arab Rep.",2012,9.21
Spain,2012,2.33
Estonia,2012,3.85
Ethiopia,2012,28.1
Finland,2012,5.16
Fiji,2012,4.32
France,2012,2.89
Gabon,2012,5.68
United Kingdom,2012,3.25
Georgia,2012,-4.49
Ghana,2012,6.75
Guinea,2012,15.63
"Gambia, The",2012,5.04
Guinea-Bissau,2012,2.84
Equatorial Guinea,2012,3.94
Greece,2012,1.51
Grenada,2012,3
Guatemala,2012,7.18
Guyana,2012,
Hong Kong SAR,2012,5.81
Honduras,2012,3.01
Croatia,2012,3.71
Haiti,2012,6.64
Hungary,2012,5.9
Indonesia,2012,5.86
India,2012,9.26
Ireland,2012,0.57
"Iran, Islamic Rep.",2012,37.99
Iraq,2012,
Iceland,2012,6.09
Israel,2012,0.53
Italy,2012,2.52
Jamaica,2012,10.82
Jordan,2012,4.56
Japan,2012,0.09
Kazakhstan,2012,4.34
Kenya,2012,9.98
Kyrgyz Republic,2012,0.06
Cambodia,2012,3.51
St. Kitts and Nevis,2012,2.45
"Korea, Rep.",2012,3.96
Kuwait,2012,4.78
Lao PDR,2012,5.6
Lebanon,2012,5.92
Liberia,2012,10.25
Libya,2012,
St. Lucia,2012,6.51
Sri Lanka,2012,
Lesotho,2012,9.86
Lithuania,2012,3.05
Luxembourg,2012,2.57
Latvia,2012,2.31
Morocco,2012,2.39
Moldova,2012,8.9
Madagascar,2012,5.17
Maldives,2012,17.63
Mexico,2012,8.12
"Macedonia, FYR",2012,2.29
Mali,2012,8.04
Malta,2012,4.7
Myanmar,2012,4.8
Montenegro,2012,4.17
Mongolia,2012,21.66
Mozambique,2012,3.13
Mauritania,2012,4.3
Mauritius,2012,2.16
Malawi,2012,19.51
Malaysia,2012,2.69
Namibia,2012,9.04
Niger,2012,3.23
Nigeria,2012,11.18
Nicaragua,2012,8.6
Netherlands,2012,2.02
Norway,2012,1.21
Nepal,2012,
New Zealand,2012,-0.72
Oman,2012,2.17
Pakistan,2012,8.48
Panama,2012,8.08
Peru,2012,4.17
Philippines,2012,2.59
Papua New Guinea,2012,-1.06
Poland,2012,4.11
Portugal,2012,3.2
Paraguay,2012,-1.89
Qatar,2012,3.13
Romania,2012,1.91
Russian Federation,2012,3.29
Rwanda,2012,12.41
Saudi Arabia,2012,4.44
Sudan,2012,
Senegal,2012,2.48
Singapore,2012,2.33
Sierra Leone,2012,6.71
El Salvador,2012,0.3
Serbia,2012,6.95
São Tomé and Principe,2012,12.21
Suriname,2012,
Slovak Republic,2012,4.19
Slovenia,2012,4.11
Sweden,2012,1.48
Swaziland,2012,13.11
Seychelles,2012,5.96
Syrian Arab Republic,2012,
Chad,2012,12.34
Togo,2012,3.37
Thailand,2012,4.85
Tajikistan,2012,
Tonga,2012,1.47
Trinidad and Tobago,2012,19.09
Tunisia,2012,7.03
Turkey,2012,8.41
Tanzania,2012,20.59
Uganda,2012,13.61
Ukraine,2012,-2.13
Uruguay,2012,8.39
United States,2012,2.55
Uzbekistan,2012,
St. Vincent and the Grenadines,2012,3.3
"Venezuela, RB",2012,24.8
British Virgin Islands,2012,
Vietnam,2012,7.9
Vanuatu,2012,1.61
Samoa,2012,1.97
"Yemen, Rep.",2012,
South Africa,2012,7.15
Zambia,2012,7.01
Zimbabwe,2012,4.62
Aruba,2013,0.18
Afghanistan,2013,7.57
Angola,2013,10.35
Albania,2013,4.24
United Arab Emirates,2013,2.69
Argentina,2013,
Armenia,2013,5.81
Antigua and Barbuda,2013,
Australia,2013,0.8
Austria,2013,3.47
Azerbaijan,2013,2.32
Burundi,2013,9.5
Belgium,2013,3.42
Benin,2013,2.56
Burkina Faso,2013,-0.35
Bangladesh,2013,7.93
Bulgaria,2013,2.79
Bahrain,2013,2.41
"Bahamas, The",2013,1.11
Bosnia and Herzegovina,2013,0.04
Belarus,2013,18.8
Belize,2013,1.47
Bolivia,2013,8.85
Brazil,2013,11.16
Barbados,2013,
Brunei Darussalam,2013,0.09
Bhutan,2013,6.88
Botswana,2013,5.4
Central African Republic,2013,9
Canada,2013,1.09
Switzerland,2013,1.22
Chile,2013,4.43
China,2013,4.7
Côte d'Ivoire,2013,1.95
Cameroon,2013,3.23
"Congo, Dem. Rep.",2013,0.72
"Congo, Rep.",2013,7.78
Colombia,2013,0.41
Comoros,2013,2.04
Cabo Verde,2013,0.73
Costa Rica,2013,3.83
Curacao,2013,6.257901
Cyprus,2013,0.21
Czech Republic,2013,4.91
Germany,2013,3.89
Djibouti,2013,2.36
Dominica,2013,1.59
Denmark,2013,0.43
Dominican Republic,2013,4.65
Algeria,2013,2.98
Ecuador,2013,1.78
"Egypt, Arab Rep.",2013,12.42
Spain,2013,2.79
Estonia,2013,4.14
Ethiopia,2013,5.79
Finland,2013,5.36
Fiji,2013,3.53
France,2013,1.15
Gabon,2013,-0.42
United Kingdom,2013,3.73
Georgia,2013,-0.71
Ghana,2013,7.28
Guinea,2013,12.65
"Gambia, The",2013,6.71
Guinea-Bissau,2013,0.76
Equatorial Guinea,2013,4.62
Greece,2013,0
Grenada,2013,0.9
Guatemala,2013,8.38
Guyana,2013,
Hong Kong SAR,2013,4.41
Honduras,2013,5.06
Croatia,2013,3.72
Haiti,2013,6.49
Hungary,2013,2.75
Indonesia,2013,11.82
India,2013,12.86
Ireland,2013,1.06
"Iran, Islamic Rep.",2013,50.08
Iraq,2013,
Iceland,2013,5.09
Israel,2013,5.21
Italy,2013,2.37
Jamaica,2013,12.5
Jordan,2013,4.23
Japan,2013,-0.12
Kazakhstan,2013,4.14
Kenya,2013,7.26
Kyrgyz Republic,2013,-0.22
Cambodia,2013,3.88
St. Kitts and Nevis,2013,2.11
"Korea, Rep.",2013,0.86
Kuwait,2013,4.01
Lao PDR,2013,12.6
Lebanon,2013,2.56
Liberia,2013,10.28
Libya,2013,
St. Lucia,2013,5.06
Sri Lanka,2013,
Lesotho,2013,5.38
Lithuania,2013,1.67
Luxembourg,2013,3.65
Latvia,2013,1.34
Morocco,2013,2.18
Moldova,2013,-0.2
Madagascar,2013,4.96
Maldives,2013,7.16
Mexico,2013,5.17
"Macedonia, FYR",2013,3.43
Mali,2013,-3.28
Malta,2013,4.78
Myanmar,2013,6.9
Montenegro,2013,3.92
Mongolia,2013,8.46
Mozambique,2013,5.35
Mauritania,2013,4.41
Mauritius,2013,3.41
Malawi,2013,25.75
Malaysia,2013,3.56
Namibia,2013,6.51
Niger,2013,4.44
Nigeria,2013,9.51
Nicaragua,2013,9.39
Netherlands,2013,2.41
Norway,2013,1.05
Nepal,2013,
New Zealand,2013,0.43
Oman,2013,2.76
Pakistan,2013,8.17
Panama,2013,5.75
Peru,2013,3.19
Philippines,2013,2.53
Papua New Guinea,2013,-1.72
Poland,2013,1.94
Portugal,2013,1.94
Paraguay,2013,3.22
Qatar,2013,2.3
Romania,2013,2.96
Russian Federation,2013,6.15
Rwanda,2013,5.09
Saudi Arabia,2013,5.83
Sudan,2013,
Senegal,2013,1.3
Singapore,2013,2.11
Sierra Leone,2013,5.68
El Salvador,2013,2.39
Serbia,2013,7.5
São Tomé and Principe,2013,9.45
Suriname,2013,
Slovak Republic,2013,3.51
Slovenia,2013,3.6
Sweden,2013,2.21
Swaziland,2013,5.69
Seychelles,2013,6.76
Syrian Arab Republic,2013,
Chad,2013,-1.62
Togo,2013,0.57
Thailand,2013,3.41
Tajikistan,2013,
Tonga,2013,1.86
Trinidad and Tobago,2013,8.73
Tunisia,2013,7.18
Turkey,2013,9.1
Tanzania,2013,8.47
Uganda,2013,2.25
Ukraine,2013,-2.16
Uruguay,2013,10.68
United States,2013,1.41
Uzbekistan,2013,
St. Vincent and the Grenadines,2013,2
"Venezuela, RB",2013,54.15
British Virgin Islands,2013,
Vietnam,2013,2.69
Vanuatu,2013,1.5
Samoa,2013,0.69
"Yemen, Rep.",2013,
South Africa,2013,5.7
Zambia,2013,6.52
Zimbabwe,2013,1.69
Aruba,2014,2.15
Afghanistan,2014,7.74
Angola,2014,7.03
Albania,2014,2.2
United Arab Emirates,2014,2.17
Argentina,2014,
Armenia,2014,0.51
Antigua and Barbuda,2014,
Australia,2014,2.54
Austria,2014,1.94
Azerbaijan,2014,0.9
Burundi,2014,2.3
Belgium,2014,-0.38
Benin,2014,-0.77
Burkina Faso,2014,-3.18
Bangladesh,2014,7.91
Bulgaria,2014,-0.98
Bahrain,2014,2.87
"Bahamas, The",2014,2.31
Bosnia and Herzegovina,2014,-2.7
Belarus,2014,18.66
Belize,2014,0.79
Bolivia,2014,8.12
Brazil,2014,7.52
Barbados,2014,0.46
Brunei Darussalam,2014,-0.23
Bhutan,2014,10.08
Botswana,2014,3.01
Central African Republic,2014,14.77
Canada,2014,2.51
Switzerland,2014,0.92
Chile,2014,6.98
China,2014,3.07
Côte d'Ivoire,2014,-2.11
Cameroon,2014,0.77
"Congo, Dem. Rep.",2014,1.38
"Congo, Rep.",2014,-4.06
Colombia,2014,2.97
Comoros,2014,2.25
Cabo Verde,2014,-1.17
Costa Rica,2014,4.27
Curacao,2014,6.30577
Cyprus,2014,-1.46
Czech Republic,2014,2.02
Germany,2014,1.01
Djibouti,2014,0.26
Dominica,2014,1.09
Denmark,2014,-0.87
Dominican Republic,2014,3.91
Algeria,2014,4.54
Ecuador,2014,4.52
"Egypt, Arab Rep.",2014,12.29
Spain,2014,-0.35
Estonia,2014,0.02
Ethiopia,2014,5.39
Finland,2014,0.14
Fiji,2014,1.92
France,2014,-0.84
Gabon,2014,3
United Kingdom,2014,-0.19
Georgia,2014,5.13
Ghana,2014,6.8
Guinea,2014,10.56
"Gambia, The",2014,6.78
Guinea-Bissau,2014,-1.26
Equatorial Guinea,2014,4.4
Greece,2014,-1.68
Grenada,2014,0.82
Guatemala,2014,7.46
Guyana,2014,
Hong Kong SAR,2014,4.14
Honduras,2014,6.72
Croatia,2014,-2.19
Haiti,2014,3.8
Hungary,2014,-0.36
Indonesia,2014,6.82
India,2014,7.09
Ireland,2014,-2.24
"Iran, Islamic Rep.",2014,13.75
Iraq,2014,
Iceland,2014,0.51
Israel,2014,-1.35
Italy,2014,0.13
Jamaica,2014,8.62
Jordan,2014,0.32
Japan,2014,3.82
Kazakhstan,2014,6.65
Kenya,2014,8.71
Kyrgyz Republic,2014,0.95
Cambodia,2014,4.89
St. Kitts and Nevis,2014,0.01
"Korea, Rep.",2014,0.29
Kuwait,2014,2.9
Lao PDR,2014,6.88
Lebanon,2014,3.61
Liberia,2014,9.05
Libya,2014,
St. Lucia,2014,2.09
Sri Lanka,2014,13.82
Lesotho,2014,5.31
Lithuania,2014,0.77
Luxembourg,2014,0.56
Latvia,2014,-0.28
Morocco,2014,-1.21
Moldova,2014,-0.2
Madagascar,2014,5.41
Maldives,2014,0.72
Mexico,2014,4.74
"Macedonia, FYR",2014,-0.97
Mali,2014,-0.21
Malta,2014,0.53
Myanmar,2014,5.4
Montenegro,2014,-1.43
Mongolia,2014,10.99
Mozambique,2014,3.83
Mauritania,2014,5.07
Mauritius,2014,4.62
Malawi,2014,21.24
Malaysia,2014,3.34
Namibia,2014,8.26
Niger,2014,-1.27
Nigeria,2014,9.45
Nicaragua,2014,7.87
Netherlands,2014,-0.06
Norway,2014,3.09
Nepal,2014,
New Zealand,2014,0.31
Oman,2014,1.74
Pakistan,2014,5.79
Panama,2014,3.04
Peru,2014,3.81
Philippines,2014,5.77
Papua New Guinea,2014,4.9
Poland,2014,-0.92
Portugal,2014,-1.34
Paraguay,2014,6.45
Qatar,2014,0.23
Romania,2014,-1.63
Russian Federation,2014,9.96
Rwanda,2014,1.17
Saudi Arabia,2014,1.37
Sudan,2014,
Senegal,2014,-1.86
Singapore,2014,2.91
Sierra Leone,2014,4.66
El Salvador,2014,3.19
Serbia,2014,-0.94
São Tomé and Principe,2014,7.29
Suriname,2014,
Slovak Republic,2014,-0.78
Slovenia,2014,-0.3
Sweden,2014,0.37
Swaziland,2014,6.35
Seychelles,2014,0.51
Syrian Arab Republic,2014,
Chad,2014,2.52
Togo,2014,-4.35
Thailand,2014,3.94
Tajikistan,2014,
Tonga,2014,3.65
Trinidad and Tobago,2014,10.04
Tunisia,2014,4.95
Turkey,2014,12.62
Tanzania,2014,7.43
Uganda,2014,3.82
Ukraine,2014,12.05
Uruguay,2014,10.42
United States,2014,2.31
Uzbekistan,2014,
St. Vincent and the Grenadines,2014,1.63
"Venezuela, RB",2014,86.73
British Virgin Islands,2014,1.6
Vietnam,2014,4
Vanuatu,2014,1.68
Samoa,2014,-3.39
"Yemen, Rep.",2014,
South Africa,2014,7.6
Zambia,2014,7.25
Zimbabwe,2014,-3.12
Aruba,2015,2.17
Afghanistan,2015,-0.84
Angola,2015,9.3
Albania,2015,4.32
United Arab Emirates,2015,1.24
Argentina,2015,
Armenia,2015,27.85
Antigua and Barbuda,2015,
Australia,2015,0.92
Austria,2015,0.83
Azerbaijan,2015,6.07
Burundi,2015,5.79
Belgium,2015,1.2
Benin,2015,0.41
Burkina Faso,2015,2.41
Bangladesh,2015,6.05
Bulgaria,2015,0.33
Bahrain,2015,2.42
"Bahamas, The",2015,5.75
Bosnia and Herzegovina,2015,-0.9
Belarus,2015,12.21
Belize,2015,-0.38
Bolivia,2015,4.61
Brazil,2015,9.8
Barbados,2015,2.81
Brunei Darussalam,2015,0.82
Bhutan,2015,3.27
Botswana,2015,1.34
Central African Republic,2015,4.67
Canada,2015,4.1
Switzerland,2015,-0.8
Chile,2015,7.12
China,2015,2.45
Côte d'Ivoire,2015,2.05
Cameroon,2015,2.02
"Congo, Dem. Rep.",2015,0.84
"Congo, Rep.",2015,4.15
Colombia,2015,8.63
Comoros,2015,-0.28
Cabo Verde,2015,1.45
Costa Rica,2015,3.19
Curacao,2015,6.994964
Cyprus,2015,-0.31
Czech Republic,2015,-1.1
Germany,2015,0.6
Djibouti,2015,3.12
Dominica,2015,0.72
Denmark,2015,1.04
Dominican Republic,2015,6.74
Algeria,2015,3.6
Ecuador,2015,4.21
"Egypt, Arab Rep.",2015,10.67
Spain,2015,1.17
Estonia,2015,-0.54
Ethiopia,2015,12.14
Finland,2015,-1.87
Fiji,2015,4.77
France,2015,0.4
Gabon,2015,2.83
United Kingdom,2015,-2.58
Georgia,2015,4.16
Ghana,2015,7.48
Guinea,2015,11.52
"Gambia, The",2015,8.27
Guinea-Bissau,2015,3.09
Equatorial Guinea,2015,1.47
Greece,2015,1.8
Grenada,2015,1.04
Guatemala,2015,9.32
Guyana,2015,
Hong Kong SAR,2015,3.91
Honduras,2015,3.25
Croatia,2015,0.39
Haiti,2015,9.47
Hungary,2015,0.86
Indonesia,2015,7.17
India,2015,5.26
Ireland,2015,-2.14
"Iran, Islamic Rep.",2015,10.52
Iraq,2015,2.29
Iceland,2015,2.84
Israel,2015,0.04
Italy,2015,1.1
Jamaica,2015,7.77
Jordan,2015,1.12
Japan,2015,3.08
Kazakhstan,2015,6.56
Kenya,2015,11.39
Kyrgyz Republic,2015,-1.44
Cambodia,2015,4.02
St. Kitts and Nevis,2015,-10.7
"Korea, Rep.",2015,1.65
Kuwait,2015,3.39
Lao PDR,2015,4.55
Lebanon,2015,-1.1
Liberia,2015,10.08
Libya,2015,
St. Lucia,2015,0.23
Sri Lanka,2015,5.24
Lesotho,2015,6.14
Lithuania,2015,-0.86
Luxembourg,2015,0.77
Latvia,2015,-1.26
Morocco,2015,2.56
Moldova,2015,0.73
Madagascar,2015,6.52
Maldives,2015,0.48
Mexico,2015,3.99
"Macedonia, FYR",2015,0.07
Mali,2015,3.05
Malta,2015,2.97
Myanmar,2015,13.09
Montenegro,2015,2.93
Mongolia,2015,1.88
Mozambique,2015,5.22
Mauritania,2015,5.64
Mauritius,2015,3.24
Malawi,2015,23.86
Malaysia,2015,3.63
Namibia,2015,5.64
Niger,2015,0.46
Nigeria,2015,9.86
Nicaragua,2015,4.74
Netherlands,2015,0.65
Norway,2015,2.89
Nepal,2015,
New Zealand,2015,-0.06
Oman,2015,-0.81
Pakistan,2015,0.55
Panama,2015,-1.69
Peru,2015,4.58
Philippines,2015,1.89
Papua New Guinea,2015,4.86
Poland,2015,-1.63
Portugal,2015,1.01
Paraguay,2015,2.95
Qatar,2015,0.84
Romania,2015,-3.8
Russian Federation,2015,20.99
Rwanda,2015,3.86
Saudi Arabia,2015,0.64
Sudan,2015,11.65
Senegal,2015,1.81
Singapore,2015,1.93
Sierra Leone,2015,8.36
El Salvador,2015,1.37
Serbia,2015,1.96
São Tomé and Principe,2015,4.13
Suriname,2015,
Slovak Republic,2015,-0.29
Slovenia,2015,0.83
Sweden,2015,2.33
Swaziland,2015,4.15
Seychelles,2015,0.48
Syrian Arab Republic,2015,
Chad,2015,2.47
Togo,2015,5.88
Thailand,2015,1.13
Tajikistan,2015,
Tonga,2015,1.86
Trinidad and Tobago,2015,8.56
Tunisia,2015,4.51
Turkey,2015,11.15
Tanzania,2015,8.41
Uganda,2015,7.43
Ukraine,2015,45.92
Uruguay,2015,9.47
United States,2015,1.8
Uzbekistan,2015,
St. Vincent and the Grenadines,2015,-1.21
"Venezuela, RB",2015,218.67
British Virgin Islands,2015,1.37
Vietnam,2015,1.48
Vanuatu,2015,3.61
Samoa,2015,3.28
"Yemen, Rep.",2015,
South Africa,2015,5.12
Zambia,2015,11.08
Zimbabwe,2015,-3.34
Aruba,2016,-0.17
Afghanistan,2016,5.67
Angola,2016,21.24
Albania,2016,3.25
United Arab Emirates,2016,1.01
Argentina,2016,49.43
Armenia,2016,-22.03
Antigua and Barbuda,2016,
Australia,2016,0.82
Austria,2016,0.73
Azerbaijan,2016,14.75
Burundi,2016,7.18
Belgium,2016,2.24
Benin,2016,-0.46
Burkina Faso,2016,0.96
Bangladesh,2016,4.51
Bulgaria,2016,-0.23
Bahrain,2016,1.29
"Bahamas, The",2016,-0.93
Bosnia and Herzegovina,2016,-1.05
Belarus,2016,10.59
Belize,2016,0.07
Bolivia,2016,5.51
Brazil,2016,12.49
Barbados,2016,8.23
Brunei Darussalam,2016,-0.94
Bhutan,2016,14.11
Botswana,2016,2.66
Central African Republic,2016,4.42
Canada,2016,1.02
Switzerland,2016,0.39
Chile,2016,3.82
China,2016,4.48
Côte d'Ivoire,2016,3.04
Cameroon,2016,1.08
"Congo, Dem. Rep.",2016,3.03
"Congo, Rep.",2016,3.03
Colombia,2016,13.11
Comoros,2016,
Cabo Verde,2016,0.14
Costa Rica,2016,-0.81
Curacao,2016,4.027197
Cyprus,2016,-0.26
Czech Republic,2016,-0.93
Germany,2016,0.81
Djibouti,2016,6.03
Dominica,2016,0.01
Denmark,2016,0.1
Dominican Republic,2016,2.15
Algeria,2016,2.62
Ecuador,2016,2.54
"Egypt, Arab Rep.",2016,16.66
Spain,2016,1.4
Estonia,2016,0.04
Ethiopia,2016,6.52
Finland,2016,-1.14
Fiji,2016,5.99
France,2016,0.55
Gabon,2016,-0.09
United Kingdom,2016,-2.38
Georgia,2016,1.65
Ghana,2016,8.66
Guinea,2016,11.49
"Gambia, The",2016,8.24
Guinea-Bissau,2016,2.5
Equatorial Guinea,2016,-4.06
Greece,2016,-0.22
Grenada,2016,-2.34
Guatemala,2016,9.94
Guyana,2016,
Hong Kong SAR,2016,3.38
Honduras,2016,0.97
Croatia,2016,-0.47
Haiti,2016,14.69
Hungary,2016,0.65
Indonesia,2016,7.24
India,2016,5.34
Ireland,2016,-1.33
"Iran, Islamic Rep.",2016,6.57
Iraq,2016,-3.14
Iceland,2016,1.32
Israel,2016,-1.27
Italy,2016,0.17
Jamaica,2016,3.98
Jordan,2016,-3.48
Japan,2016,1.69
Kazakhstan,2016,12.79
Kenya,2016,10.08
Kyrgyz Republic,2016,-0.07
Cambodia,2016,5.6
St. Kitts and Nevis,2016,-6.11
"Korea, Rep.",2016,2.31
Kuwait,2016,1.71
Lao PDR,2016,4.29
Lebanon,2016,-1.22
Liberia,2016,7.89
Libya,2016,29.81
St. Lucia,2016,-3.22
Sri Lanka,2016,3.07
Lesotho,2016,11.84
Lithuania,2016,1.23
Luxembourg,2016,1.53
Latvia,2016,1.07
Morocco,2016,2.8
Moldova,2016,-0.92
Madagascar,2016,6.39
Maldives,2016,0.58
Mexico,2016,4.47
"Macedonia, FYR",2016,-1.3
Mali,2016,-3.27
Malta,2016,2.16
Myanmar,2016,9.23
Montenegro,2016,-0.82
Mongolia,2016,-2.89
Mozambique,2016,27.23
Mauritania,2016,2.28
Mauritius,2016,1.06
Malawi,2016,24.77
Malaysia,2016,3.78
Namibia,2016,10.77
Niger,2016,-1.21
Nigeria,2016,14.83
Nicaragua,2016,1.52
Netherlands,2016,0.95
Norway,2016,2.58
Nepal,2016,
New Zealand,2016,-0.6
Oman,2016,-1.17
Pakistan,2016,2.46
Panama,2016,1.47
Peru,2016,4.1
Philippines,2016,1.58
Papua New Guinea,2016,5.07
Poland,2016,0.89
Portugal,2016,0.49
Paraguay,2016,5.86
Qatar,2016,-1.85
Romania,2016,-2.58
Russian Federation,2016,5.76
Rwanda,2016,10.81
Saudi Arabia,2016,-1.3
Sudan,2016,13.65
Senegal,2016,3.31
Singapore,2016,2.05
Sierra Leone,2016,12.57
El Salvador,2016,-0.56
Serbia,2016,-0.31
São Tomé and Principe,2016,5.62
Suriname,2016,55.95
Slovak Republic,2016,-2.78
Slovenia,2016,0.92
Sweden,2016,1.05
Swaziland,2016,15.07
Seychelles,2016,0.04
Syrian Arab Republic,2016,
Chad,2016,-2.71
Togo,2016,3.15
Thailand,2016,1.61
Tajikistan,2016,5.1
Tonga,2016,1.33
Trinidad and Tobago,2016,7.47
Tunisia,2016,2.72
Turkey,2016,5.79
Tanzania,2016,7.5
Uganda,2016,5.53
Ukraine,2016,8.96
Uruguay,2016,9.62
United States,2016,0.34
Uzbekistan,2016,0.3
St. Vincent and the Grenadines,2016,-0.61
"Venezuela, RB",2016,217.74
British Virgin Islands,2016,1.15
Vietnam,2016,2.61
Vanuatu,2016,2.25
Samoa,2016,5.85
"Yemen, Rep.",2016,
South Africa,2016,10.53
Zambia,2016,21.26
Zimbabwe,2016,-3.26
Aruba,2017,0.66
Afghanistan,2017,6.94
Angola,2017,40.99
Albania,2017,3.91
United Arab Emirates,2017,1.2
Argentina,2017,20.36
Armenia,2017,3.99
Antigua and Barbuda,2017,
Australia,2017,0.71
Austria,2017,2.37
Azerbaijan,2017,16.52
Burundi,2017,23.96
Belgium,2017,1.26
Benin,2017,-0.05
Burkina Faso,2017,0.43
Bangladesh,2017,7.17
Bulgaria,2017,3.99
Bahrain,2017,1.01
"Bahamas, The",2017,-0.12
Bosnia and Herzegovina,2017,0.98
Belarus,2017,7.02
Belize,2017,-1.12
Bolivia,2017,3.35
Brazil,2017,0.89
Barbados,2017,6.21
Brunei Darussalam,2017,0.48
Bhutan,2017,-2.04
Botswana,2017,3.43
Central African Republic,2017,
Canada,2017,-1.01
Switzerland,2017,0.42
Chile,2017,2.01
China,2017,-1.35
Côte d'Ivoire,2017,0.34
Cameroon,2017,0.04
"Congo, Dem. Rep.",2017,
"Congo, Rep.",2017,
Colombia,2017,0.69
Comoros,2017,
Cabo Verde,2017,-0.18
Costa Rica,2017,1.68
Curacao,2017,
Cyprus,2017,-0.29
Czech Republic,2017,5.18
Germany,2017,2.76
Djibouti,2017,1.86
Dominica,2017,-0.22
Denmark,2017,2.81
Dominican Republic,2017,2.31
Algeria,2017,5.61
Ecuador,2017,0.5
"Egypt, Arab Rep.",2017,38.66
Spain,2017,1.23
Estonia,2017,5.71
Ethiopia,2017,11.36
Finland,2017,-0.91
Fiji,2017,-2.15
France,2017,1.09
Gabon,2017,-0.72
United Kingdom,2017,2.25
Georgia,2017,6.77
Ghana,2017,7.27
Guinea,2017,13.59
"Gambia, The",2017,8.72
Guinea-Bissau,2017,1.74
Equatorial Guinea,2017,1.6
Greece,2017,0.32
Grenada,2017,0.62
Guatemala,2017,8.9
Guyana,2017,
Hong Kong SAR,2017,2.18
Honduras,2017,1.58
Croatia,2017,2.91
Haiti,2017,14.22
Hungary,2017,2.74
Indonesia,2017,2.13
India,2017,1.82
Ireland,2017,-2.07
"Iran, Islamic Rep.",2017,12.52
Iraq,2017,-1.84
Iceland,2017,-2.42
Israel,2017,0.04
Italy,2017,1.88
Jamaica,2017,4.46
Jordan,2017,-0.41
Japan,2017,0.72
Kazakhstan,2017,8.58
Kenya,2017,13.37
Kyrgyz Republic,2017,2.46
Cambodia,2017,3.39
St. Kitts and Nevis,2017,-0.12
"Korea, Rep.",2017,3.4
Kuwait,2017,0.16
Lao PDR,2017,-0.08
Lebanon,2017,3.67
Liberia,2017,6.45
Libya,2017,35.13
St. Lucia,2017,-1.45
Sri Lanka,2017,11.34
Lesotho,2017,6.43
Lithuania,2017,3.56
Luxembourg,2017,2.82
Latvia,2017,5.59
Morocco,2017,0.01
Moldova,2017,0.47
Madagascar,2017,9.3
Maldives,2017,6.13
Mexico,2017,6.97
"Macedonia, FYR",2017,0.25
Mali,2017,2.53
Malta,2017,3.46
Myanmar,2017,4.38
Montenegro,2017,1.73
Mongolia,2017,4.25
Mozambique,2017,16.39
Mauritania,2017,3.08
Mauritius,2017,3.73
Malawi,2017,13.64
Malaysia,2017,3.98
Namibia,2017,5.6
Niger,2017,0.75
Nigeria,2017,19.45
Nicaragua,2017,0.58
Netherlands,2017,2.66
Norway,2017,0.01
Nepal,2017,2.57
New Zealand,2017,2.17
Oman,2017,0.55
Pakistan,2017,3.29
Panama,2017,-0.54
Peru,2017,0.31
Philippines,2017,3.05
Papua New Guinea,2017,2.83
Poland,2017,4.35
Portugal,2017,1.53
Paraguay,2017,5.74
Qatar,2017,1.92
Romania,2017,2.48
Russian Federation,2017,2.7
Rwanda,2017,9.45
Saudi Arabia,2017,-0.83
Sudan,2017,34.92
Senegal,2017,3.74
Singapore,2017,1.4
Sierra Leone,2017,19.44
El Salvador,2017,0.16
Serbia,2017,3.28
São Tomé and Principe,2017,6.58
Suriname,2017,33.01
Slovak Republic,2017,3.97
Slovenia,2017,2.22
Sweden,2017,2.14
Swaziland,2017,7.1
Seychelles,2017,0.34
Syrian Arab Republic,2017,
Chad,2017,-3.72
Togo,2017,-4.15
Thailand,2017,0
Tajikistan,2017,9.24
Tonga,2017,8.6
Trinidad and Tobago,2017,2.92
Tunisia,2017,5.63
Turkey,2017,12.7
Tanzania,2017,9.12
Uganda,2017,10.1
Ukraine,2017,12.88
Uruguay,2017,2.81
United States,2017,0.88
Uzbekistan,2017,15.9
St. Vincent and the Grenadines,2017,2.47
"Venezuela, RB",2017,482.7
British Virgin Islands,2017,-1
Vietnam,2017,-1.08
Vanuatu,2017,6.81
Samoa,2017,1.08
"Yemen, Rep.",2017,
South Africa,2017,6.95
Zambia,2017,5.76
Zimbabwe,2017,2.5
Aruba,2018,7.45
Afghanistan,2018,-1.05
Angola,2018,22.35
Albania,2018,2.67
United Arab Emirates,2018,3.54
Argentina,2018,32.74
Armenia,2018,2.34
Antigua and Barbuda,2018,
Australia,2018,0.97
Austria,2018,1.52
Azerbaijan,2018,1.78
Burundi,2018,-10.99
Belgium,2018,2.16
Benin,2018,2.05
Burkina Faso,2018,3.37
Bangladesh,2018,6.21
Bulgaria,2018,2.2
Bahrain,2018,2.12
"Bahamas, The",2018,2.42
Bosnia and Herzegovina,2018,0.42
Belarus,2018,4.06
Belize,2018,-0.53
Bolivia,2018,2.54
Brazil,2018,0.87
Barbados,2018,3.66
Brunei Darussalam,2018,1.69
Bhutan,2018,4.96
Botswana,2018,-0.5
Central African Republic,2018,
Canada,2018,0.81
Switzerland,2018,1.26
Chile,2018,3.06
China,2018,1.84
Côte d'Ivoire,2018,-0.49
Cameroon,2018,1.22
"Congo, Dem. Rep.",2018,
"Congo, Rep.",2018,
Colombia,2018,0.83
Comoros,2018,3.24
Cabo Verde,2018,0.45
Costa Rica,2018,1.63
Curacao,2018,
Cyprus,2018,0.73
Czech Republic,2018,1.31
Germany,2018,2.28
Djibouti,2018,1.73
Dominica,2018,2.16
Denmark,2018,0.04
Dominican Republic,2018,3.61
Algeria,2018,1.74
Ecuador,2018,-1.63
"Egypt, Arab Rep.",2018,13.3
Spain,2018,1.65
Estonia,2018,3.06
Ethiopia,2018,12.52
Finland,2018,1.91
Fiji,2018,1.08
France,2018,1.97
Gabon,2018,1.85
United Kingdom,2018,2.08
Georgia,2018,2.32
Ghana,2018,7.82
Guinea,2018,13.36
"Gambia, The",2018,6.34
Guinea-Bissau,2018,
Equatorial Guinea,2018,1
Greece,2018,0.4
Grenada,2018,0.63
Guatemala,2018,7.23
Guyana,2018,
Hong Kong SAR,2018,3.35
Honduras,2018,3.52
Croatia,2018,0.99
Haiti,2018,13.8
Hungary,2018,4.15
Indonesia,2018,4.24
India,2018,1.67
Ireland,2018,-2.03
"Iran, Islamic Rep.",2018,23.13
Iraq,2018,0.25
Iceland,2018,2.49
Israel,2018,0.92
Italy,2018,1.22
Jamaica,2018,4.08
Jordan,2018,3.23
Japan,2018,1.41
Kazakhstan,2018,4.73
Kenya,2018,1.55
Kyrgyz Republic,2018,-2.16
Cambodia,2018,2.46
St. Kitts and Nevis,2018,2.42
"Korea, Rep.",2018,2.77
Kuwait,2018,0.05
Lao PDR,2018,1.24
Lebanon,2018,5.19
Liberia,2018,20.91
Libya,2018,
St. Lucia,2018,3.66
Sri Lanka,2018,-0.22
Lesotho,2018,4.44
Lithuania,2018,1.44
Luxembourg,2018,2.21
Latvia,2018,0.58
Morocco,2018,0.95
Moldova,2018,5.51
Madagascar,2018,10.86
Maldives,2018,-1.08
Mexico,2018,4.8
"Macedonia, FYR",2018,0.82
Mali,2018,2.16
Malta,2018,2.92
Myanmar,2018,6.58
Montenegro,2018,0.41
Mongolia,2018,6.92
Mozambique,2018,0.01
Mauritania,2018,4.2
Mauritius,2018,5.81
Malawi,2018,12.75
Malaysia,2018,1.63
Namibia,2018,3.18
Niger,2018,-0.57
Nigeria,2018,14.32
Nicaragua,2018,4.18
Netherlands,2018,0.79
Norway,2018,2.53
Nepal,2018,2.76
New Zealand,2018,-0.24
Oman,2018,-0.7
Pakistan,2018,2.19
Panama,2018,-0.64
Peru,2018,-0.37
Philippines,2018,6.85
Papua New Guinea,2018,0.81
Poland,2018,2.56
Portugal,2018,0.74
Paraguay,2018,3.9
Qatar,2018,-0.05
Romania,2018,3.75
Russian Federation,2018,1.62
Rwanda,2018,2.88
Saudi Arabia,2018,6.48
Sudan,2018,2.46
Senegal,2018,1.06
Singapore,2018,1.44
Sierra Leone,2018,17.7
El Salvador,2018,0.53
Serbia,2018,1.86
São Tomé and Principe,2018,8.68
Suriname,2018,8.96
Slovak Republic,2018,3.9
Slovenia,2018,2.67
Sweden,2018,2.37
Swaziland,2018,1.95
Seychelles,2018,-0.05
Syrian Arab Republic,2018,
Chad,2018,-1.86
Togo,2018,0.31
Thailand,2018,0.41
Tajikistan,2018,2.68
Tonga,2018,9.1
Trinidad and Tobago,2018,1.12
Tunisia,2018,7.25
Turkey,2018,17.96
Tanzania,2018,2.96
Uganda,2018,-1.19
Ukraine,2018,11.15
Uruguay,2018,8.34
United States,2018,1.4
Uzbekistan,2018,14.9
St. Vincent and the Grenadines,2018,2.35
"Venezuela, RB",2018,38386
British Virgin Islands,2018,
Vietnam,2018,3.24
Vanuatu,2018,4.13
Samoa,2018,5.71
"Yemen, Rep.",2018,
South Africa,2018,3.58
Zambia,2018,7.14
Zimbabwe,2018,14.59
Aruba,2019,12.82
Afghanistan,2019,3.79
Angola,2019,17.71
Albania,2019,2.91
United Arab Emirates,2019,-1.39
Argentina,2019,58.34
Armenia,2019,1.87
Antigua and Barbuda,2019,1.51
Australia,2019,4.48
Austria,2019,1.02
Azerbaijan,2019,3.69
Burundi,2019,-2.83
Belgium,2019,4.46
Benin,2019,-2.79
Burkina Faso,2019,-6.43
Bangladesh,2019,5.56
Bulgaria,2019,5.19
Bahrain,2019,2.38
"Bahamas, The",2019,0.17
Bosnia and Herzegovina,2019,1.09
Belarus,2019,6.36
Belize,2019,0.64
Bolivia,2019,3.36
Brazil,2019,4.86
Barbados,2019,5.97
Brunei Darussalam,2019,-0.03
Bhutan,2019,3.64
Botswana,2019,1.39
Central African Republic,2019,
Canada,2019,3.68
Switzerland,2019,0.11
Chile,2019,2.38
China,2019,9.35
Côte d'Ivoire,2019,1.04
Cameroon,2019,2.88
"Congo, Dem. Rep.",2019,
"Congo, Rep.",2019,
Colombia,2019,4.89
Comoros,2019,
Cabo Verde,2019,1.39
Costa Rica,2019,0.8
Curacao,2019,
Cyprus,2019,0.45
Czech Republic,2019,2.82
Germany,2019,1.2
Djibouti,2019,5.69
Dominica,2019,1.88
Denmark,2019,1.39
Dominican Republic,2019,3.75
Algeria,2019,0.64
Ecuador,2019,0.04
"Egypt, Arab Rep.",2019,7.08
Spain,2019,1.03
Estonia,2019,2.99
Ethiopia,2019,18.94
Finland,2019,1.21
Fiji,2019,4.88
France,2019,2.45
Gabon,2019,3.1
United Kingdom,2019,10.93
Georgia,2019,8.16
Ghana,2019,7.86
Guinea,2019,11.36
"Gambia, The",2019,6.79
Guinea-Bissau,2019,
Equatorial Guinea,2019,0.43
Greece,2019,-4.7
Grenada,2019,0.4
Guatemala,2019,7.82
Guyana,2019,
Hong Kong SAR,2019,4.86
Honduras,2019,2.17
Croatia,2019,-0.12
Haiti,2019,22.23
Hungary,2019,5.11
Indonesia,2019,
India,2019,3.58
Ireland,2019,-0.67
"Iran, Islamic Rep.",2019,55.71
Iraq,2019,0
Iceland,2019,3.8
Israel,2019,2.08
Italy,2019,0.77
Jamaica,2019,6.33
Jordan,2019,0.28
Japan,2019,0.22
Kazakhstan,2019,8.09
Kenya,2019,7.96
Kyrgyz Republic,2019,1.41
Cambodia,2019,2.07
St. Kitts and Nevis,2019,1.94
"Korea, Rep.",2019,0.05
Kuwait,2019,1.08
Lao PDR,2019,4.68
Lebanon,2019,4.13
Liberia,2019,28.89
Libya,2019,
St. Lucia,2019,2.17
Sri Lanka,2019,0.66
Lesotho,2019,6.83
Lithuania,2019,2.93
Luxembourg,2019,1.4
Latvia,2019,2.92
Morocco,2019,-1.36
Moldova,2019,7.61
Madagascar,2019,4.82
Maldives,2019,-0.79
Mexico,2019,4.39
"Macedonia, FYR",2019,1.62
Mali,2019,-5.37
Malta,2019,3.62
Myanmar,2019,9.01
Montenegro,2019,3.13
Mongolia,2019,10.68
Mozambique,2019,3.28
Mauritania,2019,2.72
Mauritius,2019,0.72
Malawi,2019,15.27
Malaysia,2019,1.65
Namibia,2019,4.3
Niger,2019,-4.59
Nigeria,2019,13.68
Nicaragua,2019,4.58
Netherlands,2019,4.05
Norway,2019,1.07
Nepal,2019,5.63
New Zealand,2019,1.08
Oman,2019,1.21
Pakistan,2019,11.63
Panama,2019,0.49
Peru,2019,1.7
Philippines,2019,2.06
Papua New Guinea,2019,3.01
Poland,2019,4.85
Portugal,2019,0.32
Paraguay,2019,1.16
Qatar,2019,0.02
Romania,2019,4.7
Russian Federation,2019,5.05
Rwanda,2019,3.72
Saudi Arabia,2019,2.07
Sudan,2019,62.68
Senegal,2019,0.98
Singapore,2019,1.53
Sierra Leone,2019,8.81
El Salvador,2019,1.16
Serbia,2019,2.57
São Tomé and Principe,2019,9.81
Suriname,2019,5.24
Slovak Republic,2019,4
Slovenia,2019,1.6
Sweden,2019,34.36
Swaziland,2019,2.15
Seychelles,2019,-0.01
Syrian Arab Republic,2019,
Chad,2019,-5.39
Togo,2019,-0.52
Thailand,2019,2.31
Tajikistan,2019,
Tonga,2019,1.73
Trinidad and Tobago,2019,0.57
Tunisia,2019,6.87
Turkey,2019,19.54
Tanzania,2019,2.86
Uganda,2019,-0.2
Ukraine,2019,8
Uruguay,2019,8.76
United States,2019,0.89
Uzbekistan,2019,
St. Vincent and the Grenadines,2019,0.55
"Venezuela, RB",2019,17710.79
British Virgin Islands,2019,
Vietnam,2019,4.07
Vanuatu,2019,5.4
Samoa,2019,1.01
"Yemen, Rep.",2019,
South Africa,2019,3.55
Zambia,2019,10.44
Zimbabwe,2019,86.12
Aruba,2020,10.99
Afghanistan,2020,5.83
Angola,2020,25.24
Albania,2020,3.61
United Arab Emirates,2020,3.7
Argentina,2020,46.97
Armenia,2020,0.27
Antigua and Barbuda,2020,2.73
Australia,2020,9.28
Austria,2020,2.33
Azerbaijan,2020,4.81
Burundi,2020,8.57
Belgium,2020,2.88
Benin,2020,0.49
Burkina Faso,2020,3.76
Bangladesh,2020,5.77
Bulgaria,2020,5.37
Bahrain,2020,3.55
"Bahamas, The",2020,1.03
Bosnia and Herzegovina,2020,1.02
Belarus,2020,4.27
Belize,2020,1.12
Bolivia,2020,-0.65
Brazil,2020,9.07
Barbados,2020,11.76
Brunei Darussalam,2020,2.06
Bhutan,2020,11.35
Botswana,2020,3.73
Central African Republic,2020,
Canada,2020,2.4
Switzerland,2020,0.09
Chile,2020,6.74
China,2020,10.68
Côte d'Ivoire,2020,4.2
Cameroon,2020,3.5
"Congo, Dem. Rep.",2020,
"Congo, Rep.",2020,
Colombia,2020,5.55
Comoros,2020,
Cabo Verde,2020,3.67
Costa Rica,2020,0.48
Curacao,2020,
Cyprus,2020,1.22
Czech Republic,2020,4.54
Germany,2020,2.26
Djibouti,2020,6.39
Dominica,2020,0.58
Denmark,2020,0.64
Dominican Republic,2020,6.35
Algeria,2020,0.22
Ecuador,2020,0.76
"Egypt, Arab Rep.",2020,-0.2
Spain,2020,2.36
Estonia,2020,2.14
Ethiopia,2020,23.08
Finland,2020,1.15
Fiji,2020,-2.38
France,2020,2.03
Gabon,2020,1.67
United Kingdom,2020,0.72
Georgia,2020,10.59
Ghana,2020,11.84
Guinea,2020,12.7
"Gambia, The",2020,6.56
Guinea-Bissau,2020,
Equatorial Guinea,2020,4.66
Greece,2020,1.36
Grenada,2020,0.96
Guatemala,2020,6.37
Guyana,2020,
Hong Kong SAR,2020,3.29
Honduras,2020,4.68
Croatia,2020,1.93
Haiti,2020,25.99
Hungary,2020,7.25
Indonesia,2020,3.41
India,2020,8.75
Ireland,2020,-1.41
"Iran, Islamic Rep.",2020,27.77
Iraq,2020,-0.49
Iceland,2020,4.9
Israel,2020,-0.01
Italy,2020,1.4
Jamaica,2020,10.83
Jordan,2020,2.33
Japan,2020,1.2
Kazakhstan,2020,10.44
Kenya,2020,9.13
Kyrgyz Republic,2020,11.68
Cambodia,2020,4.65
St. Kitts and Nevis,2020,1.25
"Korea, Rep.",2020,4.43
Kuwait,2020,4.88
Lao PDR,2020,9.11
Lebanon,2020,253.96
Liberia,2020,
Libya,2020,
St. Lucia,2020,-2.21
Sri Lanka,2020,12.18
Lesotho,2020,10.34
Lithuania,2020,2.26
Luxembourg,2020,2.73
Latvia,2020,2.38
Morocco,2020,0.94
Moldova,2020,7.35
Madagascar,2020,3.81
Maldives,2020,2.73
Mexico,2020,6.62
"Macedonia, FYR",2020,2.41
Mali,2020,2.5
Malta,2020,2.14
Myanmar,2020,3.05
Montenegro,2020,1.62
Mongolia,2020,6.64
Mozambique,2020,7.6
Mauritania,2020,2.19
Mauritius,2020,6.22
Malawi,2020,17.34
Malaysia,2020,1.27
Namibia,2020,5.22
Niger,2020,-0.21
Nigeria,2020,16.08
Nicaragua,2020,5.13
Netherlands,2020,1.9
Norway,2020,3.27
Nepal,2020,7.22
New Zealand,2020,3.18
Oman,2020,1.25
Pakistan,2020,15.38
Panama,2020,-0.82
Peru,2020,1.89
Philippines,2020,2.73
Papua New Guinea,2020,2.23
Poland,2020,4.73
Portugal,2020,2.09
Paraguay,2020,1.21
Qatar,2020,0.26
Romania,2020,4.8
Russian Federation,2020,3.9
Rwanda,2020,15.4
Saudi Arabia,2020,9
Sudan,2020,67.73
Senegal,2020,3.3
Singapore,2020,1.86
Sierra Leone,2020,8.55
El Salvador,2020,1.58
Serbia,2020,2.54
São Tomé and Principe,2020,
Suriname,2020,43.36
Slovak Republic,2020,2.52
Slovenia,2020,3.52
Sweden,2020,2.14
Swaziland,2020,
Seychelles,2020,10.26
Syrian Arab Republic,2020,
Chad,2020,9.44
Togo,2020,3.39
Thailand,2020,1.23
Tajikistan,2020,
Tonga,2020,1.9
Trinidad and Tobago,2020,2.8
Tunisia,2020,4.66
Turkey,2020,13.85
Tanzania,2020,4.79
Uganda,2020,1.76
Ukraine,2020,2.74
Uruguay,2020,13.76
United States of America,2020,3.51
Uzbekistan,2020,
St. Vincent and the Grenadines,2020,1.66
"Venezuela, RB",2020,2220
British Virgin Islands,2020,
Vietnam,2020,9.44
Vanuatu,2020,6.74
Samoa,2020,-1.42
"Yemen, Rep.",2020,
South Africa,2020,4.39
Zambia,2020,16.24
Zimbabwe,2020,601.02
,,
,,
,,
,,
,,
,,
,,
,,
,,
,,
,,
,,
,,
,,
,,
,,
,,
,,
,,
,,
,,
,,
,,
,,
,,
,,
,,
,,
,,
,,
,,
,,
,,
,,
,,
,,
,,
,,
,,
,,
,,
,,
,,
,,
,,
,,
,,
,,
,,
,,
,,
,,
,,
,,
,,
,,
,,
,,
,,
,,
,,
,,
,,
,,
,,
,,
,,
,,
,,
,,
,,
,,
,,
,,
,,
,,
,,
,,
,,
,,
,,
,,
,,
,,
,,
,,
,,
,,
,,
,,
,,
,,
,,
,,
,,
,,
,,
,,
,,
,,
,,
,,
,,
,,
,,
,,
,,
,,
,,
,,
,,
,,
,,
,,
,,
,,
,,
,,
,,
,,
,,
,,
,,
,,
,,
,,
,,
,,
,,
,,
,,
,,
,,
,,
,,
,,
,,
,,
,,
,,
,,
,,
,,
,,
,,
,,
,,
,,
,,
,,
,,
,,
,,
,,
,,
,,
,,
,,
,,
,,
,,
,,
,,
,,
,,
,,
,,
,,
,,
,,
,,
,,
,,
,,
,,
,,
,,
,,
,,